Epoch,TrueStage,PredStage,Correct
1,W,W,1
2,W,W,1
3,W,W,1
4,W,W,1
5,W,W,1
6,W,W,1
7,W,W,1
8,W,W,1
9,W,W,1
10,W,W,1
11,W,W,1
12,W,W,1
13,W,W,1
14,W,W,1
15,W,W,1
16,W,W,1
17,W,W,1
18,W,W,1
19,W,W,1
20,W,W,1
21,W,W,1
22,W,W,1
23,W,W,1
24,W,W,1
25,W,W,1
26,W,W,1
27,W,W,1
28,W,W,1
29,W,W,1
30,W,W,1
31,W,W,1
32,W,W,1
33,W,W,1
34,W,W,1
35,W,W,1
36,W,W,1
37,W,W,1
38,W,W,1
39,W,W,1
40,W,W,1
41,W,W,1
42,W,W,1
43,W,W,1
44,W,W,1
45,W,W,1
46,W,W,1
47,W,W,1
48,W,W,1
49,W,W,1
50,W,W,1
51,W,W,1
52,W,W,1
53,W,W,1
54,W,W,1
55,W,W,1
56,W,W,1
57,W,W,1
58,W,W,1
59,W,W,1
60,W,W,1
61,W,W,1
62,W,W,1
63,W,W,1
64,W,W,1
65,W,W,1
66,W,W,1
67,W,W,1
68,W,W,1
69,W,W,1
70,W,W,1
71,W,W,1
72,W,W,1
73,W,W,1
74,W,W,1
75,W,W,1
76,W,W,1
77,W,W,1
78,W,W,1
79,W,W,1
80,W,W,1
81,W,W,1
82,W,W,1
83,W,W,1
84,W,W,1
85,W,W,1
86,W,W,1
87,W,W,1
88,W,W,1
89,W,W,1
90,W,W,1
91,W,W,1
92,W,W,1
93,W,W,1
94,W,W,1
95,W,W,1
96,W,W,1
97,W,W,1
98,W,W,1
99,W,W,1
100,W,W,1
101,W,W,1
102,W,W,1
103,W,W,1
104,W,W,1
105,W,W,1
106,W,W,1
107,W,W,1
108,W,W,1
109,W,W,1
110,W,W,1
111,W,W,1
112,W,W,1
113,W,W,1
114,W,W,1
115,W,W,1
116,W,W,1
117,W,W,1
118,W,W,1
119,W,W,1
120,W,W,1
121,W,W,1
122,W,W,1
123,W,W,1
124,W,W,1
125,W,W,1
126,W,W,1
127,W,W,1
128,W,W,1
129,W,W,1
130,W,W,1
131,W,W,1
132,W,W,1
133,W,R,0
134,W,W,1
135,W,W,1
136,W,W,1
137,W,W,1
138,W,W,1
139,W,W,1
140,W,W,1
141,W,W,1
142,W,W,1
143,W,W,1
144,W,W,1
145,W,W,1
146,W,W,1
147,W,W,1
148,W,W,1
149,W,W,1
150,W,W,1
151,W,W,1
152,W,W,1
153,W,W,1
154,W,W,1
155,W,W,1
156,W,W,1
157,W,W,1
158,W,W,1
159,W,W,1
160,W,W,1
161,W,W,1
162,W,W,1
163,W,W,1
164,W,W,1
165,W,W,1
166,W,W,1
167,W,W,1
168,W,W,1
169,W,W,1
170,W,W,1
171,W,W,1
172,W,W,1
173,W,W,1
174,W,W,1
175,W,W,1
176,W,W,1
177,W,W,1
178,W,W,1
179,W,W,1
180,W,W,1
181,W,W,1
182,W,W,1
183,W,W,1
184,W,W,1
185,W,W,1
186,W,W,1
187,W,W,1
188,W,W,1
189,W,W,1
190,W,W,1
191,W,W,1
192,W,W,1
193,W,W,1
194,W,W,1
195,W,W,1
196,W,W,1
197,W,W,1
198,W,W,1
199,W,W,1
200,W,W,1
201,W,W,1
202,W,W,1
203,W,W,1
204,W,W,1
205,W,W,1
206,W,W,1
207,W,W,1
208,W,W,1
209,W,W,1
210,W,W,1
211,W,W,1
212,W,W,1
213,W,W,1
214,W,W,1
215,W,W,1
216,W,W,1
217,W,W,1
218,W,W,1
219,W,W,1
220,W,W,1
221,W,W,1
222,W,W,1
223,W,W,1
224,W,W,1
225,W,W,1
226,W,W,1
227,W,W,1
228,W,W,1
229,W,W,1
230,W,W,1
231,W,W,1
232,W,W,1
233,W,W,1
234,W,W,1
235,W,W,1
236,W,W,1
237,W,W,1
238,W,W,1
239,W,W,1
240,W,W,1
241,W,W,1
242,W,W,1
243,W,W,1
244,W,W,1
245,W,W,1
246,W,W,1
247,W,W,1
248,W,W,1
249,W,W,1
250,W,W,1
251,W,W,1
252,W,W,1
253,W,W,1
254,W,W,1
255,W,W,1
256,W,W,1
257,W,W,1
258,W,W,1
259,W,W,1
260,W,W,1
261,W,W,1
262,W,W,1
263,W,W,1
264,W,W,1
265,W,W,1
266,W,W,1
267,W,W,1
268,W,W,1
269,W,W,1
270,W,W,1
271,W,W,1
272,W,W,1
273,W,W,1
274,W,W,1
275,W,W,1
276,W,W,1
277,W,W,1
278,W,W,1
279,W,W,1
280,W,W,1
281,W,W,1
282,W,W,1
283,W,W,1
284,W,W,1
285,W,W,1
286,W,W,1
287,W,W,1
288,W,W,1
289,W,W,1
290,W,W,1
291,W,W,1
292,W,W,1
293,W,W,1
294,W,W,1
295,W,W,1
296,W,W,1
297,W,W,1
298,W,W,1
299,W,W,1
300,W,W,1
301,W,W,1
302,W,W,1
303,W,W,1
304,W,W,1
305,W,W,1
306,W,W,1
307,W,W,1
308,W,W,1
309,W,W,1
310,W,W,1
311,W,W,1
312,W,W,1
313,W,W,1
314,W,W,1
315,W,W,1
316,W,W,1
317,W,W,1
318,W,W,1
319,W,W,1
320,W,W,1
321,W,W,1
322,W,W,1
323,W,W,1
324,W,W,1
325,W,W,1
326,W,W,1
327,W,W,1
328,W,W,1
329,W,W,1
330,W,W,1
331,W,W,1
332,W,W,1
333,W,W,1
334,W,W,1
335,W,W,1
336,W,W,1
337,W,W,1
338,W,W,1
339,W,W,1
340,W,W,1
341,W,W,1
342,W,W,1
343,W,W,1
344,W,W,1
345,W,W,1
346,W,W,1
347,W,W,1
348,W,W,1
349,W,W,1
350,W,W,1
351,W,W,1
352,W,W,1
353,W,W,1
354,W,W,1
355,W,W,1
356,W,W,1
357,W,W,1
358,W,W,1
359,W,W,1
360,W,W,1
361,W,W,1
362,W,W,1
363,W,W,1
364,W,W,1
365,W,W,1
366,W,W,1
367,W,W,1
368,W,W,1
369,W,W,1
370,W,W,1
371,W,W,1
372,W,W,1
373,W,W,1
374,W,W,1
375,W,W,1
376,W,W,1
377,W,W,1
378,W,W,1
379,W,W,1
380,W,W,1
381,W,W,1
382,W,W,1
383,W,W,1
384,W,W,1
385,W,W,1
386,W,W,1
387,W,W,1
388,W,W,1
389,W,W,1
390,W,W,1
391,W,W,1
392,W,W,1
393,W,W,1
394,W,W,1
395,W,W,1
396,W,W,1
397,W,W,1
398,W,W,1
399,W,W,1
400,W,W,1
401,W,W,1
402,W,W,1
403,W,W,1
404,W,W,1
405,W,W,1
406,W,W,1
407,W,W,1
408,W,W,1
409,W,W,1
410,W,W,1
411,W,W,1
412,W,W,1
413,W,W,1
414,W,W,1
415,W,W,1
416,W,W,1
417,W,W,1
418,W,W,1
419,W,W,1
420,W,W,1
421,W,W,1
422,W,W,1
423,W,W,1
424,W,W,1
425,W,W,1
426,W,W,1
427,W,W,1
428,W,W,1
429,W,W,1
430,W,W,1
431,W,W,1
432,W,W,1
433,W,W,1
434,W,W,1
435,W,W,1
436,W,W,1
437,W,W,1
438,W,W,1
439,W,W,1
440,W,W,1
441,W,W,1
442,W,W,1
443,W,W,1
444,W,W,1
445,W,W,1
446,W,W,1
447,W,W,1
448,W,W,1
449,W,W,1
450,W,W,1
451,W,W,1
452,W,W,1
453,W,W,1
454,W,W,1
455,W,W,1
456,W,W,1
457,W,W,1
458,W,W,1
459,W,W,1
460,W,W,1
461,W,W,1
462,W,W,1
463,W,W,1
464,W,W,1
465,W,W,1
466,W,W,1
467,W,W,1
468,W,W,1
469,W,W,1
470,W,W,1
471,W,W,1
472,W,W,1
473,W,W,1
474,W,W,1
475,W,W,1
476,W,W,1
477,W,W,1
478,W,W,1
479,W,W,1
480,W,W,1
481,W,W,1
482,W,W,1
483,W,W,1
484,W,W,1
485,W,W,1
486,W,W,1
487,W,W,1
488,W,W,1
489,W,W,1
490,W,W,1
491,W,W,1
492,W,W,1
493,W,W,1
494,W,W,1
495,W,W,1
496,W,W,1
497,W,W,1
498,W,W,1
499,W,W,1
500,W,W,1
501,W,W,1
502,W,W,1
503,W,W,1
504,W,W,1
505,W,W,1
506,W,W,1
507,W,W,1
508,W,W,1
509,W,W,1
510,W,W,1
511,W,W,1
512,W,W,1
513,W,W,1
514,W,W,1
515,W,W,1
516,W,W,1
517,W,W,1
518,W,W,1
519,W,W,1
520,W,W,1
521,W,W,1
522,W,W,1
523,W,W,1
524,W,W,1
525,W,W,1
526,W,W,1
527,W,W,1
528,W,W,1
529,W,W,1
530,W,W,1
531,W,W,1
532,W,W,1
533,W,W,1
534,W,W,1
535,W,W,1
536,W,W,1
537,W,W,1
538,W,W,1
539,W,W,1
540,W,W,1
541,W,W,1
542,W,W,1
543,W,W,1
544,W,W,1
545,W,W,1
546,W,W,1
547,W,W,1
548,W,W,1
549,W,W,1
550,W,W,1
551,W,W,1
552,W,W,1
553,W,W,1
554,W,W,1
555,W,W,1
556,W,W,1
557,W,W,1
558,W,W,1
559,W,W,1
560,W,W,1
561,W,W,1
562,W,W,1
563,W,W,1
564,W,W,1
565,W,W,1
566,W,W,1
567,W,W,1
568,W,W,1
569,W,W,1
570,W,W,1
571,W,W,1
572,W,W,1
573,W,W,1
574,W,W,1
575,W,W,1
576,W,W,1
577,W,W,1
578,W,W,1
579,W,W,1
580,W,W,1
581,W,W,1
582,W,W,1
583,W,W,1
584,W,W,1
585,W,W,1
586,W,W,1
587,W,W,1
588,W,W,1
589,W,W,1
590,W,W,1
591,W,W,1
592,W,W,1
593,W,W,1
594,W,W,1
595,W,W,1
596,W,W,1
597,W,W,1
598,W,W,1
599,W,W,1
600,W,W,1
601,W,W,1
602,W,W,1
603,W,W,1
604,W,W,1
605,W,W,1
606,W,W,1
607,W,W,1
608,W,W,1
609,W,W,1
610,W,W,1
611,W,W,1
612,W,W,1
613,W,W,1
614,W,W,1
615,W,W,1
616,W,W,1
617,W,W,1
618,W,W,1
619,W,W,1
620,W,W,1
621,W,W,1
622,W,W,1
623,W,W,1
624,W,W,1
625,W,W,1
626,W,W,1
627,W,W,1
628,W,W,1
629,W,W,1
630,W,W,1
631,W,W,1
632,W,W,1
633,W,W,1
634,W,W,1
635,W,W,1
636,W,W,1
637,W,W,1
638,W,W,1
639,W,W,1
640,W,W,1
641,W,W,1
642,W,W,1
643,W,W,1
644,W,W,1
645,W,W,1
646,W,W,1
647,W,W,1
648,W,W,1
649,W,W,1
650,W,W,1
651,W,W,1
652,W,W,1
653,W,W,1
654,W,W,1
655,W,W,1
656,W,W,1
657,W,W,1
658,W,W,1
659,W,W,1
660,W,W,1
661,W,W,1
662,W,W,1
663,W,W,1
664,W,W,1
665,W,W,1
666,W,W,1
667,W,W,1
668,W,W,1
669,W,W,1
670,W,W,1
671,W,W,1
672,W,W,1
673,W,W,1
674,W,W,1
675,W,W,1
676,W,W,1
677,W,W,1
678,W,W,1
679,W,W,1
680,W,W,1
681,W,W,1
682,W,W,1
683,W,W,1
684,W,W,1
685,W,W,1
686,W,W,1
687,W,W,1
688,W,W,1
689,W,W,1
690,W,W,1
691,W,W,1
692,W,W,1
693,W,W,1
694,W,W,1
695,W,W,1
696,W,W,1
697,W,W,1
698,W,W,1
699,W,W,1
700,W,W,1
701,W,W,1
702,W,W,1
703,W,W,1
704,W,W,1
705,W,W,1
706,W,W,1
707,W,W,1
708,W,W,1
709,W,W,1
710,W,W,1
711,W,W,1
712,W,W,1
713,W,W,1
714,W,W,1
715,W,W,1
716,W,W,1
717,W,W,1
718,W,W,1
719,W,W,1
720,W,W,1
721,W,W,1
722,W,W,1
723,W,W,1
724,W,N1,0
725,W,W,1
726,W,W,1
727,W,W,1
728,W,W,1
729,W,W,1
730,W,W,1
731,W,W,1
732,W,W,1
733,W,W,1
734,W,W,1
735,W,W,1
736,W,W,1
737,W,W,1
738,W,W,1
739,W,W,1
740,W,W,1
741,W,W,1
742,W,W,1
743,W,W,1
744,W,W,1
745,W,W,1
746,W,W,1
747,W,W,1
748,W,W,1
749,W,W,1
750,W,W,1
751,W,W,1
752,W,W,1
753,W,W,1
754,W,W,1
755,W,W,1
756,W,W,1
757,W,W,1
758,W,W,1
759,W,W,1
760,W,W,1
761,W,W,1
762,W,W,1
763,W,W,1
764,W,W,1
765,W,W,1
766,W,W,1
767,W,W,1
768,W,W,1
769,W,W,1
770,W,W,1
771,W,W,1
772,W,W,1
773,W,W,1
774,W,W,1
775,W,W,1
776,W,W,1
777,W,W,1
778,W,W,1
779,W,W,1
780,W,W,1
781,W,W,1
782,W,W,1
783,W,W,1
784,W,W,1
785,W,W,1
786,W,W,1
787,W,W,1
788,W,W,1
789,W,W,1
790,W,W,1
791,W,W,1
792,W,W,1
793,W,W,1
794,W,W,1
795,W,W,1
796,W,W,1
797,W,W,1
798,W,W,1
799,W,W,1
800,W,W,1
801,W,W,1
802,W,W,1
803,W,W,1
804,W,W,1
805,W,W,1
806,W,W,1
807,W,W,1
808,W,W,1
809,W,W,1
810,W,W,1
811,W,W,1
812,W,W,1
813,W,W,1
814,W,W,1
815,W,W,1
816,W,W,1
817,W,W,1
818,W,W,1
819,W,W,1
820,W,W,1
821,W,W,1
822,W,W,1
823,W,W,1
824,W,W,1
825,W,W,1
826,W,W,1
827,W,W,1
828,W,W,1
829,W,W,1
830,W,W,1
831,W,W,1
832,W,W,1
833,W,W,1
834,W,W,1
835,W,W,1
836,W,W,1
837,W,W,1
838,W,W,1
839,W,W,1
840,W,W,1
841,W,W,1
842,W,W,1
843,W,W,1
844,W,W,1
845,W,W,1
846,W,W,1
847,W,W,1
848,W,W,1
849,W,W,1
850,W,W,1
851,W,W,1
852,W,W,1
853,W,W,1
854,W,W,1
855,W,W,1
856,W,W,1
857,W,W,1
858,W,W,1
859,W,W,1
860,W,W,1
861,W,W,1
862,W,W,1
863,W,W,1
864,W,W,1
865,W,W,1
866,W,W,1
867,W,W,1
868,W,W,1
869,W,W,1
870,W,W,1
871,W,W,1
872,W,W,1
873,W,W,1
874,W,W,1
875,W,W,1
876,W,W,1
877,W,W,1
878,W,W,1
879,W,W,1
880,W,W,1
881,W,W,1
882,W,W,1
883,W,W,1
884,W,W,1
885,W,W,1
886,W,W,1
887,W,W,1
888,W,W,1
889,W,W,1
890,W,W,1
891,W,W,1
892,W,W,1
893,W,W,1
894,W,W,1
895,W,W,1
896,W,W,1
897,W,W,1
898,W,W,1
899,W,W,1
900,W,W,1
901,W,W,1
902,W,W,1
903,W,W,1
904,W,W,1
905,W,W,1
906,W,W,1
907,W,W,1
908,W,W,1
909,W,W,1
910,W,W,1
911,W,W,1
912,W,W,1
913,W,W,1
914,W,W,1
915,W,W,1
916,W,W,1
917,W,W,1
918,W,W,1
919,W,W,1
920,W,W,1
921,W,W,1
922,W,W,1
923,W,W,1
924,W,W,1
925,W,W,1
926,W,W,1
927,W,W,1
928,W,W,1
929,W,W,1
930,W,W,1
931,W,W,1
932,W,W,1
933,W,W,1
934,W,W,1
935,W,W,1
936,W,W,1
937,W,W,1
938,W,W,1
939,W,W,1
940,W,W,1
941,W,W,1
942,W,W,1
943,W,W,1
944,W,W,1
945,W,W,1
946,W,W,1
947,W,W,1
948,W,W,1
949,W,W,1
950,W,W,1
951,W,W,1
952,W,W,1
953,W,W,1
954,W,W,1
955,W,W,1
956,W,W,1
957,W,W,1
958,W,W,1
959,W,W,1
960,W,W,1
961,W,W,1
962,W,W,1
963,W,W,1
964,W,W,1
965,W,W,1
966,W,W,1
967,W,W,1
968,W,W,1
969,W,W,1
970,W,W,1
971,W,W,1
972,W,W,1
973,W,W,1
974,W,W,1
975,W,R,0
976,W,R,0
977,W,W,1
978,W,W,1
979,W,W,1
980,W,W,1
981,W,W,1
982,W,W,1
983,W,W,1
984,W,W,1
985,W,W,1
986,W,W,1
987,W,W,1
988,W,W,1
989,W,W,1
990,W,W,1
991,W,W,1
992,W,R,0
993,W,W,1
994,W,W,1
995,W,W,1
996,W,W,1
997,W,W,1
998,W,W,1
999,W,W,1
1000,W,W,1
1001,W,W,1
1002,W,W,1
1003,W,W,1
1004,W,W,1
1005,W,W,1
1006,W,W,1
1007,W,W,1
1008,W,W,1
1009,W,W,1
1010,W,W,1
1011,W,W,1
1012,W,W,1
1013,W,W,1
1014,W,W,1
1015,W,W,1
1016,W,W,1
1017,W,W,1
1018,W,W,1
1019,W,R,0
1020,W,W,1
1021,W,R,0
1022,N1,N1,1
1023,N1,W,0
1024,W,W,1
1025,W,W,1
1026,N1,W,0
1027,W,W,1
1028,N1,W,0
1029,N1,R,0
1030,W,W,1
1031,W,W,1
1032,W,W,1
1033,W,W,1
1034,W,W,1
1035,W,W,1
1036,W,W,1
1037,W,R,0
1038,W,W,1
1039,W,N1,0
1040,N1,N1,1
1041,N1,N1,1
1042,N1,N1,1
1043,W,W,1
1044,W,W,1
1045,W,W,1
1046,N1,W,0
1047,N1,N1,1
1048,W,W,1
1049,W,W,1
1050,W,W,1
1051,N1,N1,1
1052,N1,N1,1
1053,N1,N2,0
1054,N1,N2,0
1055,N1,N2,0
1056,N1,N2,0
1057,N1,N2,0
1058,N1,N2,0
1059,N1,N2,0
1060,N2,N1,0
1061,N2,N2,1
1062,N2,N2,1
1063,N2,N2,1
1064,N2,N2,1
1065,N2,N2,1
1066,N2,N2,1
1067,N2,R,0
1068,N2,N2,1
1069,N2,N2,1
1070,N2,N2,1
1071,N2,N2,1
1072,N2,N2,1
1073,N2,N2,1
1074,N2,N2,1
1075,N2,N2,1
1076,N2,N2,1
1077,N2,N2,1
1078,N2,N2,1
1079,R,N2,0
1080,R,N2,0
1081,R,R,1
1082,R,R,1
1083,R,R,1
1084,R,R,1
1085,R,W,0
1086,R,W,0
1087,R,N1,0
1088,R,R,1
1089,R,R,1
1090,R,R,1
1091,R,W,0
1092,R,R,1
1093,R,R,1
1094,R,R,1
1095,R,R,1
1096,R,W,0
1097,R,R,1
1098,R,R,1
1099,R,W,0
1100,R,R,1
1101,R,R,1
1102,R,R,1
1103,R,W,0
1104,R,R,1
1105,R,R,1
1106,R,R,1
1107,R,R,1
1108,R,R,1
1109,R,W,0
1110,R,R,1
1111,R,R,1
1112,R,R,1
1113,R,W,0
1114,R,R,1
1115,R,R,1
1116,R,N1,0
1117,R,N1,0
1118,R,R,1
1119,R,N2,0
1120,R,W,0
1121,R,R,1
1122,R,R,1
1123,R,R,1
1124,R,R,1
1125,R,R,1
1126,R,W,0
1127,R,R,1
1128,R,N2,0
1129,R,R,1
1130,W,W,1
1131,W,W,1
1132,N1,W,0
1133,N1,W,0
1134,N1,N1,1
1135,N1,W,0
1136,N1,N1,1
1137,N1,W,0
1138,N1,W,0
1139,N1,W,0
1140,W,W,1
1141,W,W,1
1142,W,W,1
1143,W,W,1
1144,W,W,1
1145,W,W,1
1146,W,W,1
1147,W,W,1
1148,W,W,1
1149,W,W,1
1150,W,W,1
1151,W,W,1
1152,W,W,1
1153,W,W,1
1154,W,W,1
1155,W,W,1
1156,W,W,1
1157,W,W,1
1158,W,W,1
1159,W,W,1
1160,W,W,1
1161,W,W,1
1162,W,W,1
1163,W,W,1
1164,W,W,1
1165,W,W,1
1166,W,W,1
1167,W,W,1
1168,W,W,1
1169,N1,R,0
1170,N1,N1,1
1171,N1,N2,0
1172,N1,N1,1
1173,N1,N2,0
1174,N1,N1,1
1175,N1,N2,0
1176,N1,N2,0
1177,N1,N1,1
1178,N1,N2,0
1179,N1,N2,0
1180,N1,N2,0
1181,N1,N2,0
1182,N1,N2,0
1183,N1,N2,0
1184,N1,N2,0
1185,N1,N2,0
1186,N1,N2,0
1187,N1,N2,0
1188,N1,N2,0
1189,N1,N2,0
1190,N1,N2,0
1191,N1,N2,0
1192,N1,N2,0
1193,N1,N2,0
1194,N1,N2,0
1195,N2,N2,1
1196,N2,N2,1
1197,N2,N2,1
1198,N2,N2,1
1199,N2,N2,1
1200,N2,N2,1
1201,N2,N2,1
1202,N2,N2,1
1203,N2,N2,1
1204,N2,N2,1
1205,N2,N2,1
1206,N2,N2,1
1207,N2,N2,1
1208,N2,N2,1
1209,N2,N2,1
1210,N2,N2,1
1211,N2,N2,1
1212,N2,N2,1
1213,N2,N2,1
1214,N2,N2,1
1215,N2,N2,1
1216,N2,N2,1
1217,N2,N2,1
1218,N2,N2,1
1219,N2,N2,1
1220,N2,N2,1
1221,N2,N2,1
1222,N2,N2,1
1223,N2,N2,1
1224,N2,N2,1
1225,N2,N2,1
1226,N2,N2,1
1227,N2,N2,1
1228,N2,N2,1
1229,N2,N2,1
1230,N2,N2,1
1231,N2,N2,1
1232,N2,N2,1
1233,N2,N2,1
1234,N2,N2,1
1235,N2,N2,1
1236,N2,N2,1
1237,N2,N2,1
1238,N2,N2,1
1239,N2,N2,1
1240,N2,N2,1
1241,N2,N2,1
1242,N2,N2,1
1243,N2,N2,1
1244,N2,N2,1
1245,N2,N2,1
1246,N2,N2,1
1247,N2,N2,1
1248,N2,N2,1
1249,N2,N2,1
1250,N2,N2,1
1251,N2,N2,1
1252,N2,N2,1
1253,N2,N2,1
1254,N2,N2,1
1255,N2,N2,1
1256,N2,N2,1
1257,N2,N2,1
1258,N2,N2,1
1259,N2,N2,1
1260,N2,N2,1
1261,N2,N2,1
1262,N2,N2,1
1263,N2,N2,1
1264,N2,N2,1
1265,N2,N2,1
1266,N2,W,0
1267,N2,N2,1
1268,R,R,1
1269,R,N2,0
1270,R,N2,0
1271,R,N2,0
1272,R,N1,0
1273,R,R,1
1274,R,R,1
1275,R,N1,0
1276,R,R,1
1277,R,R,1
1278,R,N2,0
1279,R,W,0
1280,R,R,1
1281,R,R,1
1282,R,N1,0
1283,R,R,1
1284,R,R,1
1285,R,W,0
1286,R,N1,0
1287,R,W,0
1288,R,W,0
1289,R,R,1
1290,R,R,1
1291,R,W,0
1292,R,R,1
1293,R,N1,0
1294,R,N1,0
1295,R,R,1
1296,R,W,0
1297,R,W,0
1298,R,W,0
1299,R,N1,0
1300,W,W,1
1301,N1,W,0
1302,N1,W,0
1303,N1,W,0
1304,N1,R,0
1305,N1,N1,1
1306,N1,R,0
1307,N1,N2,0
1308,N1,N1,1
1309,N1,N1,1
1310,N1,N2,0
1311,N1,N1,1
1312,N1,N2,0
1313,N2,R,0
1314,N1,N1,1
1315,N1,N2,0
1316,N1,N2,0
1317,N1,N2,0
1318,N2,N2,1
1319,N2,N1,0
1320,N2,N2,1
1321,N2,N2,1
1322,N2,R,0
1323,N2,N2,1
1324,N2,N2,1
1325,N2,N2,1
1326,N2,N2,1
1327,N2,N2,1
1328,N2,N2,1
1329,N2,N2,1
1330,N2,N2,1
1331,N2,N2,1
1332,N2,N2,1
1333,N2,N2,1
1334,N2,N2,1
1335,N2,N2,1
1336,N2,N2,1
1337,N2,N2,1
1338,N2,N2,1
1339,N2,N2,1
1340,N2,N2,1
1341,N2,N2,1
1342,N2,N2,1
1343,N2,N2,1
1344,N2,N2,1
1345,N2,N2,1
1346,N2,N1,0
1347,N2,W,0
1348,N1,W,0
1349,N1,W,0
1350,N1,W,0
1351,N1,N2,0
1352,N2,N2,1
1353,N2,N2,1
1354,N2,N2,1
1355,N2,N2,1
1356,N2,N2,1
1357,N2,N2,1
1358,N2,N2,1
1359,N2,N2,1
1360,N2,N2,1
1361,N2,N2,1
1362,N2,N2,1
1363,N2,N2,1
1364,N2,N2,1
1365,N2,N2,1
1366,N2,N2,1
1367,N2,N2,1
1368,N2,N2,1
1369,N2,N2,1
1370,N2,N2,1
1371,N2,N2,1
1372,N2,N2,1
1373,N2,N2,1
1374,N2,N2,1
1375,N2,N2,1
1376,N2,N2,1
1377,N2,N2,1
1378,N2,N2,1
1379,N2,N2,1
1380,N2,N2,1
1381,N2,N2,1
1382,N2,R,0
1383,N2,N2,1
1384,N2,N2,1
1385,N2,N2,1
1386,N2,N2,1
1387,N2,N2,1
1388,N2,N2,1
1389,N2,N2,1
1390,N2,N2,1
1391,N2,N2,1
1392,N2,N2,1
1393,N2,N2,1
1394,N2,N2,1
1395,N2,N2,1
1396,N2,N2,1
1397,N2,N2,1
1398,N2,N2,1
1399,N2,N2,1
1400,N2,N2,1
1401,N2,N2,1
1402,N2,N2,1
1403,N2,N2,1
1404,N2,N2,1
1405,N2,N2,1
1406,N2,N2,1
1407,N2,N2,1
1408,N2,N2,1
1409,N2,N2,1
1410,N2,N2,1
1411,N2,N2,1
1412,N2,N2,1
1413,N2,N2,1
1414,N2,N2,1
1415,N2,N2,1
1416,N2,N2,1
1417,N2,N2,1
1418,N2,N2,1
1419,N2,N2,1
1420,N2,N2,1
1421,W,W,1
1422,W,W,1
1423,N2,R,0
1424,N1,N2,0
1425,R,N2,0
1426,R,N2,0
1427,R,N2,0
1428,R,N2,0
1429,R,N2,0
1430,R,N2,0
1431,R,N2,0
1432,R,N2,0
1433,R,N2,0
1434,R,N2,0
1435,R,N2,0
1436,R,N2,0
1437,R,N2,0
1438,R,N2,0
1439,R,N2,0
1440,R,N2,0
1441,R,N2,0
1442,R,N2,0
1443,R,N2,0
1444,R,N2,0
1445,R,R,1
1446,R,N2,0
1447,R,N1,0
1448,R,N1,0
1449,R,W,0
1450,R,N1,0
1451,R,N2,0
1452,R,R,1
1453,R,W,0
1454,R,W,0
1455,R,R,1
1456,R,R,1
1457,R,R,1
1458,R,R,1
1459,R,W,0
1460,R,N1,0
1461,R,R,1
1462,R,W,0
1463,R,R,1
1464,R,W,0
1465,R,R,1
1466,R,W,0
1467,R,R,1
1468,R,R,1
1469,R,R,1
1470,N1,W,0
1471,N1,N1,1
1472,N1,W,0
1473,N1,W,0
1474,N1,W,0
1475,N1,W,0
1476,N1,W,0
1477,N1,W,0
1478,N1,W,0
1479,N1,N1,1
1480,N1,N1,1
1481,N1,W,0
1482,N1,N1,1
1483,N1,N1,1
1484,N1,N2,0
1485,N1,W,0
1486,N1,N1,1
1487,N1,N1,1
1488,N1,N1,1
1489,N1,W,0
1490,W,W,1
1491,N1,W,0
1492,N1,W,0
1493,N1,N1,1
1494,N1,N1,1
1495,N1,N2,0
1496,N1,N1,1
1497,N1,N1,1
1498,N1,N2,0
1499,N1,N1,1
1500,N2,N2,1
1501,N2,N2,1
1502,N1,N1,1
1503,N1,R,0
1504,N2,N1,0
1505,N2,N1,0
1506,N2,N2,1
1507,N2,N2,1
1508,N2,N2,1
1509,N2,N2,1
1510,N2,N2,1
1511,N1,W,0
1512,N1,N2,0
1513,N1,W,0
1514,N1,W,0
1515,W,W,1
1516,W,W,1
1517,W,W,1
1518,N1,N1,1
1519,W,W,1
1520,W,W,1
1521,W,W,1
1522,W,W,1
1523,W,W,1
1524,W,W,1
1525,W,W,1
1526,W,W,1
1527,W,W,1
1528,W,W,1
1529,W,W,1
1530,W,W,1
1531,W,W,1
1532,W,W,1
1533,W,W,1
1534,W,W,1
1535,W,W,1
1536,W,W,1
1537,W,W,1
1538,W,W,1
1539,W,W,1
1540,W,W,1
1541,W,W,1
1542,W,W,1
1543,W,W,1
1544,W,W,1
1545,W,W,1
1546,W,W,1
1547,W,W,1
1548,W,W,1
1549,W,W,1
1550,W,W,1
1551,W,W,1
1552,W,W,1
1553,W,W,1
1554,W,W,1
1555,W,R,0
1556,W,W,1
1557,W,W,1
1558,W,N1,0
1559,W,W,1
1560,W,W,1
1561,W,W,1
1562,W,W,1
1563,N1,W,0
1564,W,W,1
1565,W,W,1
1566,W,W,1
1567,W,W,1
1568,W,W,1
1569,W,W,1
1570,W,W,1
1571,W,W,1
1572,W,W,1
1573,W,W,1
1574,W,W,1
1575,W,W,1
1576,W,W,1
1577,W,W,1
1578,W,W,1
1579,W,W,1
1580,W,W,1
1581,W,W,1
1582,W,W,1
1583,W,W,1
1584,W,W,1
1585,W,W,1
1586,W,W,1
1587,W,N1,0
1588,W,W,1
1589,W,W,1
1590,W,W,1
1591,W,W,1
1592,W,W,1
1593,W,W,1
1594,W,W,1
1595,W,W,1
1596,W,W,1
1597,W,W,1
1598,W,W,1
1599,W,W,1
1600,W,W,1
1601,W,W,1
1602,W,W,1
1603,W,W,1
1604,W,W,1
1605,W,W,1
1606,W,W,1
1607,W,W,1
1608,W,W,1
1609,W,W,1
1610,W,W,1
1611,W,W,1
1612,N1,W,0
1613,N1,N1,1
1614,N1,W,0
1615,N1,N1,1
1616,N1,N1,1
1617,N1,N1,1
1618,N1,R,0
1619,N1,W,0
1620,N1,R,0
1621,N1,N1,1
1622,N1,N2,0
1623,N1,N1,1
1624,N2,R,0
1625,N2,N1,0
1626,N2,N1,0
1627,N2,N1,0
1628,N2,N2,1
1629,N2,N1,0
1630,N2,N2,1
1631,N2,R,0
1632,N2,N2,1
1633,N2,N2,1
1634,N2,N2,1
1635,N2,N2,1
1636,N2,N1,0
1637,N2,N1,0
1638,N2,N2,1
1639,N2,N1,0
1640,N2,N2,1
1641,N2,N2,1
1642,N2,N2,1
1643,N2,N1,0
1644,N2,N1,0
1645,N2,N1,0
1646,N2,N2,1
1647,N2,N2,1
1648,N2,N2,1
1649,N2,N2,1
1650,N2,N2,1
1651,N2,N2,1
1652,N2,N2,1
1653,N2,N2,1
1654,N2,N2,1
1655,N2,N2,1
1656,N2,N2,1
1657,N2,N2,1
1658,N2,N2,1
1659,N2,N2,1
1660,N2,N2,1
1661,N2,N2,1
1662,N2,N2,1
1663,N2,N2,1
1664,N2,N2,1
1665,N2,N2,1
1666,N2,N2,1
1667,N2,N2,1
1668,N2,N2,1
1669,N2,N2,1
1670,N2,N2,1
1671,N2,N2,1
1672,N2,N2,1
1673,N2,N2,1
1674,N2,N2,1
1675,N2,N2,1
1676,N2,N2,1
1677,N2,N2,1
1678,N2,N2,1
1679,N2,N2,1
1680,N2,N2,1
1681,N2,N2,1
1682,N2,N2,1
1683,N2,N2,1
1684,N2,N2,1
1685,N2,N2,1
1686,N2,N2,1
1687,N2,N2,1
1688,N2,N2,1
1689,N2,N2,1
1690,N2,N2,1
1691,N1,N1,1
1692,N1,N2,0
1693,N1,N2,0
1694,N2,N2,1
1695,N2,N2,1
1696,W,W,1
1697,W,W,1
1698,N1,W,0
1699,N1,N2,0
1700,N1,N2,0
1701,N1,N1,1
1702,N1,N2,0
1703,N2,N2,1
1704,N2,N2,1
1705,N2,N2,1
1706,N2,N2,1
1707,N2,N2,1
1708,W,W,1
1709,W,W,1
1710,W,R,0
1711,N1,N1,1
1712,N1,N1,1
1713,N1,N1,1
1714,N1,N2,0
1715,N1,N2,0
1716,N1,N2,0
1717,N1,N2,0
1718,N1,N2,0
1719,N1,N2,0
1720,N1,N2,0
1721,N1,W,0
1722,N1,N2,0
1723,W,W,1
1724,N1,N1,1
1725,N1,N2,0
1726,N1,N2,0
1727,N1,N1,1
1728,N1,N2,0
1729,N1,N2,0
1730,N1,N2,0
1731,R,N2,0
1732,R,N2,0
1733,R,N2,0
1734,R,R,1
1735,R,N1,0
1736,R,R,1
1737,R,N1,0
1738,R,R,1
1739,R,W,0
1740,R,W,0
1741,R,R,1
1742,R,W,0
1743,R,R,1
1744,R,R,1
1745,R,R,1
1746,R,N2,0
1747,R,R,1
1748,R,R,1
1749,R,W,0
1750,R,R,1
1751,R,W,0
1752,R,R,1
1753,R,R,1
1754,R,N1,0
1755,R,R,1
1756,R,R,1
1757,R,R,1
1758,R,W,0
1759,W,W,1
1760,W,W,1
1761,N1,W,0
1762,N1,W,0
1763,N1,W,0
1764,N1,N2,0
1765,N1,N1,1
1766,N1,N2,0
1767,N1,N2,0
1768,N1,R,0
1769,R,R,1
1770,R,R,1
1771,W,W,1
1772,W,W,1
1773,N1,R,0
1774,N1,W,0
1775,N1,N1,1
1776,N1,N2,0
1777,N1,N1,1
1778,N1,N2,0
1779,N1,N2,0
1780,N1,N2,0
1781,N1,N1,1
1782,N1,N2,0
1783,N1,N1,1
1784,N1,N2,0
1785,N1,N2,0
1786,N1,W,0
1787,N1,R,0
1788,N2,N2,1
1789,N2,N2,1
1790,N2,N2,1
1791,N2,N1,0
1792,N2,N2,1
1793,N2,N2,1
1794,N2,N2,1
1795,N2,N2,1
1796,N2,N2,1
1797,N2,W,0
1798,N2,N1,0
1799,N2,N1,0
1800,N2,N2,1
1801,N2,N1,0
1802,N2,N1,0
1803,N2,N2,1
1804,N2,N2,1
1805,N2,N2,1
1806,N2,N2,1
1807,N2,N1,0
1808,N2,N2,1
1809,N2,N2,1
1810,N2,N1,0
1811,N2,N2,1
1812,N2,N2,1
1813,N2,N2,1
1814,N2,N2,1
1815,N2,N2,1
1816,N2,N2,1
1817,N2,N2,1
1818,N2,N2,1
1819,N2,N2,1
1820,N2,N2,1
1821,N2,N1,0
1822,N2,N1,0
1823,W,N1,0
1824,N1,N1,1
1825,N1,N2,0
1826,N1,N1,1
1827,N1,N1,1
1828,N2,N2,1
1829,W,N1,0
1830,W,N1,0
1831,N2,N1,0
1832,N2,N1,0
1833,N2,N2,1
1834,N2,R,0
1835,N1,N1,1
1836,N1,N2,0
1837,N1,N2,0
1838,N1,N1,1
1839,N1,N2,0
1840,N2,N2,1
1841,N2,N1,0
1842,N2,N2,1
1843,N2,N2,1
1844,N2,N2,1
1845,N2,N2,1
1846,N2,N2,1
1847,N2,N1,0
1848,N1,N1,1
1849,N1,N2,0
1850,N1,N2,0
1851,N1,N2,0
1852,N1,N2,0
1853,N2,N2,1
1854,N2,N1,0
1855,N2,N1,0
1856,N2,N2,1
1857,N2,N2,1
1858,N2,N1,0
1859,N1,N1,1
1860,W,N1,0
1861,W,W,1
1862,N1,N1,1
1863,N1,N2,0
1864,N1,N1,1
1865,W,W,1
1866,W,W,1
1867,W,W,1
1868,W,W,1
1869,W,W,1
1870,W,W,1
1871,W,N1,0
1872,W,W,1
1873,W,W,1
1874,W,W,1
1875,N1,N1,1
1876,N1,N2,0
1877,N1,N1,1
1878,N1,N1,1
1879,N2,N1,0
1880,N2,N2,1
1881,N2,N1,0
1882,N2,R,0
1883,N2,W,0
1884,N2,R,0
1885,R,R,1
1886,R,N1,0
1887,R,R,1
1888,R,R,1
1889,R,N1,0
1890,R,W,0
1891,R,R,1
1892,R,R,1
1893,R,R,1
1894,R,N2,0
1895,N1,W,0
1896,R,N1,0
1897,R,W,0
1898,R,W,0
1899,R,R,1
1900,R,R,1
1901,R,R,1
1902,R,W,0
1903,R,R,1
1904,R,R,1
1905,R,R,1
1906,R,R,1
1907,R,W,0
1908,R,R,1
1909,R,R,1
1910,R,R,1
1911,R,N1,0
1912,R,W,0
1913,R,W,0
1914,R,N1,0
1915,R,R,1
1916,R,N2,0
1917,R,N1,0
1918,R,N1,0
1919,R,R,1
1920,R,R,1
1921,R,W,0
1922,R,R,1
1923,R,W,0
1924,R,R,1
1925,N2,R,0
1926,N2,N2,1
1927,N2,R,0
1928,N2,N2,1
1929,R,R,1
1930,R,R,1
1931,R,N1,0
1932,R,N1,0
1933,R,N2,0
1934,R,W,0
1935,R,N2,0
1936,R,N2,0
1937,R,N2,0
1938,R,R,1
1939,R,W,0
1940,N1,N1,1
1941,N1,W,0
1942,N1,W,0
1943,N1,N1,1
1944,N1,N1,1
1945,N1,N1,1
1946,N1,W,0
1947,W,W,1
1948,W,R,0
1949,W,W,1
1950,W,W,1
1951,W,N1,0
1952,W,W,1
1953,W,N1,0
1954,W,N1,0
1955,W,W,1
1956,W,W,1
1957,W,W,1
1958,W,W,1
1959,W,W,1
1960,W,W,1
1961,N1,W,0
1962,N1,W,0
1963,N1,W,0
1964,N1,N1,1
1965,W,N1,0
1966,W,N1,0
1967,W,W,1
1968,W,W,1
1969,W,W,1
1970,W,W,1
1971,W,W,1
1972,W,W,1
1973,W,W,1
1974,W,W,1
1975,W,W,1
1976,W,R,0
1977,W,W,1
1978,W,N1,0
1979,W,R,0
1980,W,W,1
1981,W,N1,0
1982,W,W,1
1983,W,W,1
1984,W,W,1
1985,W,W,1
1986,W,W,1
1987,W,W,1
1988,W,W,1
1989,W,W,1
1990,W,W,1
1991,W,W,1
1992,W,W,1
1993,W,W,1
1994,W,W,1
1995,W,W,1
1996,W,W,1
1997,W,W,1
1998,W,W,1
1999,W,W,1
2000,W,R,0
2001,W,N1,0
2002,W,W,1
2003,W,N1,0
2004,W,R,0
2005,W,W,1
2006,W,R,0
2007,W,W,1
2008,W,W,1
2009,W,R,0
2010,W,W,1
2011,W,W,1
2012,W,W,1
2013,W,W,1
2014,W,W,1
2015,W,W,1
2016,W,W,1
2017,W,W,1
2018,W,W,1
2019,W,W,1
2020,W,W,1
2021,W,W,1
2022,W,W,1
2023,W,W,1
2024,W,W,1
2025,W,W,1
2026,W,W,1
2027,W,W,1
2028,W,W,1
2029,W,W,1
2030,W,W,1
2031,W,W,1
2032,W,W,1
2033,W,W,1
2034,W,W,1
2035,W,W,1
2036,W,W,1
2037,W,W,1
2038,W,W,1
2039,W,W,1
2040,W,W,1
2041,W,W,1
2042,W,W,1
2043,W,W,1
2044,W,W,1
2045,W,W,1
2046,W,W,1
2047,W,W,1
2048,W,W,1
2049,W,W,1
2050,W,W,1
2051,W,W,1
2052,W,W,1
2053,W,W,1
2054,W,W,1
2055,W,W,1
2056,W,W,1
2057,W,W,1
2058,W,W,1
2059,W,W,1
2060,W,W,1
2061,W,W,1
2062,W,W,1
2063,W,W,1
2064,W,W,1
2065,W,W,1
2066,W,W,1
2067,W,W,1
2068,W,W,1
2069,W,W,1
2070,W,W,1
2071,W,W,1
2072,W,W,1
2073,W,W,1
2074,W,W,1
2075,W,W,1
2076,W,W,1
2077,W,W,1
2078,W,W,1
2079,W,W,1
2080,W,W,1
2081,W,W,1
2082,W,W,1
2083,W,W,1
2084,W,W,1
2085,W,W,1
2086,W,W,1
2087,W,W,1
2088,W,W,1
2089,W,W,1
2090,W,W,1
2091,W,W,1
2092,W,W,1
2093,W,W,1
2094,W,W,1
2095,W,W,1
2096,W,W,1
2097,W,W,1
2098,W,W,1
2099,W,W,1
2100,W,W,1
2101,W,W,1
2102,W,W,1
2103,W,W,1
2104,W,W,1
2105,W,W,1
2106,W,W,1
2107,W,W,1
2108,W,W,1
2109,W,R,0
2110,W,W,1
2111,W,W,1
2112,W,W,1
2113,W,W,1
2114,W,W,1
2115,W,W,1
2116,W,W,1
2117,W,W,1
2118,W,W,1
2119,W,W,1
2120,W,W,1
2121,W,W,1
2122,W,W,1
2123,W,W,1
2124,W,W,1
2125,W,W,1
2126,W,W,1
2127,W,W,1
2128,W,W,1
2129,W,W,1
2130,W,W,1
2131,W,W,1
2132,W,W,1
2133,W,W,1
2134,W,W,1
2135,W,W,1
2136,W,W,1
2137,W,W,1
2138,W,W,1
2139,W,W,1
2140,W,W,1
2141,W,W,1
2142,W,W,1
2143,W,W,1
2144,W,W,1
2145,W,W,1
2146,W,W,1
2147,W,W,1
2148,W,W,1
2149,W,W,1
2150,W,W,1
2151,W,W,1
2152,W,W,1
2153,W,W,1
2154,W,W,1
2155,W,W,1
2156,W,W,1
2157,W,W,1
2158,W,W,1
2159,W,W,1
2160,W,W,1
2161,W,W,1
2162,W,W,1
2163,W,W,1
2164,W,W,1
2165,W,W,1
2166,W,W,1
2167,W,W,1
2168,W,W,1
2169,W,W,1
2170,W,W,1
2171,W,W,1
2172,W,W,1
2173,W,W,1
2174,W,W,1
2175,W,W,1
2176,W,W,1
2177,W,W,1
2178,W,W,1
2179,W,W,1
2180,W,W,1
2181,W,W,1
2182,W,W,1
2183,W,W,1
2184,W,W,1
2185,W,W,1
2186,W,W,1
2187,W,W,1
2188,W,W,1
2189,W,W,1
2190,W,W,1
2191,W,W,1
2192,W,W,1
2193,W,W,1
2194,W,W,1
2195,W,W,1
2196,W,W,1
2197,W,W,1
2198,W,W,1
2199,W,W,1
2200,W,W,1
2201,W,W,1
2202,W,W,1
2203,W,W,1
2204,W,W,1
2205,W,W,1
2206,W,W,1
2207,W,W,1
2208,W,W,1
2209,W,W,1
2210,W,W,1
2211,W,W,1
2212,W,W,1
2213,W,W,1
2214,W,W,1
2215,W,W,1
2216,W,W,1
2217,W,W,1
2218,W,W,1
2219,W,W,1
2220,W,W,1
2221,W,W,1
2222,W,W,1
2223,W,W,1
2224,W,W,1
2225,W,W,1
2226,W,W,1
2227,W,W,1
2228,W,W,1
2229,W,W,1
2230,W,W,1
2231,W,W,1
2232,W,W,1
2233,W,W,1
2234,W,W,1
2235,W,W,1
2236,W,W,1
2237,W,W,1
2238,W,W,1
2239,W,W,1
2240,W,W,1
2241,W,W,1
2242,W,W,1
2243,W,W,1
2244,W,W,1
2245,W,W,1
2246,W,W,1
2247,W,W,1
2248,W,W,1
2249,W,W,1
2250,W,W,1
2251,W,W,1
2252,W,W,1
2253,W,W,1
2254,W,W,1
2255,W,W,1
2256,W,W,1
2257,W,W,1
2258,W,W,1
2259,W,W,1
2260,W,W,1
2261,W,W,1
2262,W,W,1
2263,W,W,1
2264,W,W,1
2265,W,W,1
2266,W,W,1
2267,W,W,1
2268,W,W,1
2269,W,W,1
2270,W,W,1
2271,W,W,1
2272,W,W,1
2273,W,W,1
2274,W,W,1
2275,W,W,1
2276,W,W,1
2277,W,W,1
2278,W,W,1
2279,W,W,1
2280,W,W,1
2281,W,W,1
2282,W,W,1
2283,W,W,1
2284,W,W,1
2285,W,W,1
2286,W,W,1
2287,W,W,1
2288,W,W,1
2289,W,W,1
2290,W,W,1
2291,W,W,1
2292,W,W,1
2293,W,W,1
2294,W,W,1
2295,W,W,1
2296,W,W,1
2297,W,W,1
2298,W,W,1
2299,W,W,1
2300,W,W,1
2301,W,W,1
2302,W,W,1
2303,W,W,1
2304,W,W,1
2305,W,R,0
2306,W,W,1
2307,W,W,1
2308,W,W,1
2309,W,W,1
2310,W,W,1
2311,W,W,1
2312,W,W,1
2313,W,W,1
2314,W,W,1
2315,W,W,1
2316,W,W,1
2317,W,W,1
2318,W,W,1
2319,W,W,1
2320,W,W,1
2321,W,W,1
2322,W,W,1
2323,W,W,1
2324,W,W,1
2325,W,W,1
2326,W,W,1
2327,W,W,1
2328,W,W,1
2329,W,W,1
2330,W,W,1
2331,W,W,1
2332,W,W,1
2333,W,W,1
2334,W,W,1
2335,W,W,1
2336,W,W,1
2337,W,W,1
2338,W,W,1
2339,W,W,1
2340,W,W,1
2341,W,W,1
2342,W,W,1
2343,W,W,1
2344,W,W,1
2345,W,W,1
2346,W,W,1
2347,W,W,1
2348,W,W,1
2349,W,W,1
2350,W,W,1
2351,W,W,1
2352,W,W,1
2353,W,W,1
2354,W,W,1
2355,W,W,1
2356,W,W,1
2357,W,W,1
2358,W,W,1
2359,W,W,1
2360,W,W,1
2361,W,W,1
2362,W,W,1
2363,W,W,1
2364,W,W,1
2365,W,W,1
2366,W,W,1
2367,W,W,1
2368,W,W,1
2369,W,W,1
2370,W,W,1
2371,W,W,1
2372,W,W,1
2373,W,W,1
2374,W,W,1
2375,W,W,1
2376,W,W,1
2377,W,W,1
2378,W,W,1
2379,W,W,1
2380,W,W,1
2381,W,W,1
2382,W,W,1
2383,W,W,1
2384,W,W,1
2385,W,W,1
2386,W,W,1
2387,W,W,1
2388,W,W,1
2389,W,W,1
2390,W,W,1
2391,W,W,1
2392,W,W,1
2393,W,W,1
2394,W,W,1
2395,W,W,1
2396,W,W,1
2397,W,W,1
2398,W,W,1
2399,W,W,1
2400,W,W,1
2401,W,W,1
2402,W,R,0
2403,W,W,1
2404,W,W,1
2405,W,W,1
2406,W,W,1
2407,W,W,1
2408,W,W,1
2409,W,W,1
2410,W,W,1
2411,W,W,1
2412,W,R,0
2413,W,W,1
2414,W,W,1
2415,W,W,1
2416,W,W,1
2417,W,W,1
2418,W,W,1
2419,W,W,1
2420,W,W,1
2421,W,W,1
2422,W,W,1
2423,W,W,1
2424,W,W,1
2425,W,W,1
2426,W,W,1
2427,W,W,1
2428,W,W,1
2429,W,W,1
2430,W,W,1
2431,W,W,1
2432,W,W,1
2433,W,W,1
2434,W,W,1
2435,W,W,1
2436,W,W,1
2437,W,W,1
2438,W,W,1
2439,W,W,1
2440,W,W,1
2441,W,W,1
2442,W,W,1
2443,W,W,1
2444,W,W,1
2445,W,W,1
2446,W,W,1
2447,W,W,1
2448,W,W,1
2449,W,W,1
2450,W,W,1
2451,W,W,1
2452,W,W,1
2453,W,W,1
2454,W,W,1
2455,W,W,1
2456,W,W,1
2457,W,W,1
2458,W,W,1
2459,W,W,1
2460,W,W,1
2461,W,W,1
2462,W,W,1
2463,W,W,1
2464,W,W,1
2465,W,W,1
2466,W,W,1
2467,W,W,1
2468,W,W,1
2469,W,W,1
2470,W,W,1
2471,W,W,1
2472,W,W,1
2473,W,W,1
2474,W,W,1
2475,W,W,1
2476,W,W,1
2477,W,W,1
2478,W,W,1
2479,W,W,1
2480,W,W,1
2481,W,W,1
2482,W,W,1
2483,W,W,1
2484,W,W,1
2485,W,W,1
2486,W,W,1
2487,W,W,1
2488,W,W,1
2489,W,W,1
2490,W,W,1
2491,W,W,1
2492,W,W,1
2493,W,W,1
2494,W,W,1
2495,W,W,1
2496,W,W,1
2497,W,W,1
2498,W,W,1
2499,W,W,1
2500,W,W,1
2501,W,W,1
2502,W,W,1
2503,W,W,1
2504,W,W,1
2505,W,W,1
2506,W,W,1
2507,W,W,1
2508,W,W,1
2509,W,W,1
2510,W,W,1
2511,W,W,1
2512,W,W,1
2513,W,W,1
2514,W,W,1
2515,W,W,1
2516,W,W,1
2517,W,W,1
2518,W,W,1
2519,W,W,1
2520,W,W,1
2521,W,W,1
2522,W,W,1
2523,W,W,1
2524,W,W,1
2525,W,W,1
2526,W,W,1
2527,W,W,1
2528,W,W,1
2529,W,W,1
2530,W,W,1
2531,W,W,1
2532,W,W,1
2533,W,W,1
2534,W,W,1
2535,W,W,1
2536,W,W,1
2537,W,W,1
2538,W,W,1
2539,W,W,1
2540,W,W,1
2541,W,W,1
2542,W,W,1
2543,W,W,1
2544,W,W,1
2545,W,W,1
2546,W,W,1
2547,W,W,1
2548,W,W,1
2549,W,W,1
2550,W,W,1
2551,W,W,1
2552,W,W,1
2553,W,W,1
2554,W,W,1
2555,W,W,1
2556,W,W,1
2557,W,W,1
2558,W,W,1
2559,W,W,1
2560,W,W,1
2561,W,W,1
2562,W,W,1
2563,W,W,1
2564,W,W,1
2565,W,W,1
2566,W,W,1
2567,W,W,1
2568,W,W,1
2569,W,W,1
2570,W,W,1
2571,W,W,1
2572,W,W,1
2573,W,W,1
2574,W,W,1
2575,W,W,1
2576,W,W,1
2577,W,W,1
2578,W,W,1
2579,W,W,1
2580,W,W,1
2581,W,W,1
2582,W,W,1
2583,W,W,1
2584,W,W,1
2585,W,W,1
2586,W,W,1
2587,W,W,1
2588,W,W,1
2589,W,W,1
2590,W,W,1
2591,W,W,1
2592,W,W,1
2593,W,W,1
2594,W,W,1
2595,W,W,1
2596,W,W,1
2597,W,W,1
2598,W,W,1
2599,W,W,1
2600,W,W,1
2601,W,W,1
2602,W,W,1
2603,W,W,1
2604,W,W,1
2605,W,W,1
2606,W,W,1
2607,W,W,1
2608,W,W,1
2609,W,W,1
2610,W,W,1
2611,W,W,1
2612,W,W,1
2613,W,W,1
2614,W,W,1
2615,W,W,1
2616,W,W,1
2617,W,W,1
2618,W,W,1
2619,W,W,1
2620,W,W,1
2621,W,W,1
2622,W,W,1
2623,W,W,1
2624,W,W,1
2625,W,W,1
2626,W,W,1
2627,W,W,1
2628,W,W,1
2629,W,W,1
2630,W,W,1
2631,W,W,1
2632,W,W,1
2633,W,W,1
2634,W,W,1
2635,W,W,1
2636,W,W,1
2637,W,W,1
2638,W,W,1
2639,W,W,1
2640,W,W,1
2641,W,W,1
2642,W,W,1
2643,W,W,1
2644,W,W,1
2645,W,W,1
2646,W,W,1
2647,W,W,1
2648,W,W,1
2649,W,W,1
2650,W,W,1
